continent,location,total_cases,total_deaths,total_cases_per_million,total_deaths_per_million,stringency_index,population,population_density,median_age,aged_65_older,aged_70_older,gdp_per_capita,extreme_poverty,cardiovasc_death_rate,diabetes_prevalence,female_smokers,male_smokers,hospital_beds_per_thousand,life_expectancy,human_development_index,health_expenditure,private_health_percent,medical_doctors_per10k,nursing_midwifery_per10k,TOTAL_VACCINATIONS_PER100,PERSONS_FULLY_VACCINATED_PER100,cumulative_estimated_daily_excess_deaths
Asia,Afghanistan,178901.0,7683.0,4491.002,192.869,,39835428.0,54.422,18.6,2.581,1.337,1803.987,,597.029,9.59,,,0.5,64.83,0.511,65.81,79.4,2.54,4.46,15.377,11.912,73258.2959603989
Europe,Albania,275177.0,3496.0,95782.569,1216.874,,2872934.0,104.871,38.0,13.188,8.643,11803.431,1.1,304.195,10.08,7.1,51.2,2.89,78.57,0.795,274.9,44.66,18.75,60.46,98.2,43.305,17660.3925071243
Africa,Algeria,265782.0,6875.0,5957.017,154.091,,44616626.0,17.348,29.1,6.211,3.857,13913.839,0.5,278.364,6.73,0.7,30.4,1.9,76.88,0.748,248.2,34.96,17.19,15.48,34.676,14.78,91572.0294731783
Europe,Andorra,39713.0,155.0,513392.973,2003.775,11.11,77354.0,163.755,,,,,,109.135,7.97,29.0,37.8,,83.73,0.868,2744.0,30.51,33.33,40.13,197.1,70.108,197.995107342271
Africa,Angola,99287.0,1900.0,2925.919,55.992,37.04,33933611.0,23.89,16.8,2.405,1.362,5819.495,,276.045,3.94,,,,61.15,0.581,71.33,55.61,2.14,4.08,54.453,19.253,48671.2046039868
North America,Antigua and Barbuda,7626.0,136.0,77242.525,1377.522,,98728.0,231.845,32.1,6.933,4.631,21490.943,,191.511,13.17,,,3.8,77.02,0.778,760.3,41.51,27.67,90.83,138.473,63.122,-21.7135706146678
South America,Argentina,9083673.0,128653.0,199177.921,2820.977,,45605823.0,16.177,31.9,11.198,7.441,18933.907,0.6,191.032,5.5,16.2,27.7,5.0,76.67,0.845,946.0,37.39,40.6,26.0,217.906,82.358,168906.388534788
Asia,Armenia,422874.0,8622.0,142471.618,2904.861,,2968128.0,102.931,35.7,11.232,7.571,8787.58,1.8,341.01,7.11,1.5,52.1,4.2,75.09,0.776,524.0,86.6,44.02,49.54,72.6,33.236,16034.4818101816
Oceania,Australia,6030240.0,7310.0,233837.027,283.463,,25788217.0,3.202,37.9,15.504,10.129,44648.71,0.5,107.791,5.07,13.0,16.5,3.84,83.44,0.944,5427.0,28.32,41.29,131.4,225.683,84.323,6262.4410887763
Europe,Austria,4149004.0,18170.0,458804.707,2009.273,37.96,9043072.0,106.749,44.4,19.202,13.748,45436.686,0.7,145.183,6.35,28.4,30.9,7.37,81.54,0.922,5242.0,26.99,52.93,105.6,204.9,74.171,18253.4605101966
Asia,Azerbaijan,792579.0,9709.0,77526.394,949.689,,10223344.0,119.309,32.4,6.018,3.871,15847.419,,559.812,7.11,0.3,42.5,4.7,73.0,0.756,193.1,67.96,31.68,64.34,132.8,47.75,46824.0791997984
North America,Bahamas,33582.0,798.0,84607.749,2010.511,40.74,396914.0,39.497,34.3,8.996,5.2,27717.847,,235.954,13.17,3.1,20.4,2.9,73.92,0.814,2005.0,47.53,19.39,45.67,86.681,40.169,907.611310983458
Asia,Bahrain,569370.0,1476.0,325671.583,844.251,,1748295.0,1935.907,32.4,2.372,1.387,43290.705,,151.689,16.52,5.8,37.6,2.0,77.29,0.852,940.4,40.8,9.26,24.94,201.794,71.617,3166.15659557702
Asia,Bangladesh,1952726.0,29127.0,11741.942,175.144,,166303494.0,1265.036,27.5,5.098,3.262,3523.984,14.8,298.003,8.38,1.0,44.7,0.8,72.59,0.632,45.86,75.26,6.67,4.89,156.138,70.567,551475.256900991
North America,Barbados,70793.0,398.0,246058.504,1383.347,,287708.0,664.463,39.8,14.952,9.473,16978.068,,170.05,13.57,1.9,14.5,5.8,79.19,0.814,1143.0,54.28,24.88,30.6,125.86,52.864,190.695583261894
Europe,Belarus,980345.0,6947.0,103818.575,735.688,16.67,9442867.0,46.858,40.3,14.799,9.788,17167.967,,443.129,5.18,10.5,46.1,11.0,74.79,0.823,399.4,29.48,45.38,110.0,128.5,59.973,69636.5813231954
Europe,Belgium,4071279.0,31494.0,349996.742,2707.453,,11632334.0,375.564,41.8,18.571,12.849,42658.576,0.2,114.898,4.29,25.1,31.4,5.64,81.63,0.931,4960.0,23.22,60.79,200.8,219.4,79.216,24259.75949999
North America,Belize,57497.0,676.0,141997.703,1669.486,,404915.0,16.426,25.0,3.853,2.279,7824.362,,176.957,17.11,,,1.3,74.62,0.716,293.4,27.14,10.78,23.41,118.819,53.041,1024.07412717024
Africa,Benin,26952.0,163.0,2164.64,13.091,,12451031.0,99.11,18.8,3.244,1.942,2064.236,49.6,235.848,0.99,0.6,12.3,0.5,61.77,0.545,29.13,53.01,0.65,3.03,27.496,21.626,9561.95786641071
Asia,Bhutan,59247.0,21.0,75967.432,26.927,,779900.0,21.188,28.6,4.885,2.977,8708.597,1.5,217.066,9.75,,,1.7,71.78,0.654,116.0,19.47,4.99,20.78,246.555,86.871,517.944607147122
Europe,Bosnia and Herzegovina,377087.0,15765.0,115548.257,4830.764,,3263459.0,68.496,42.5,16.569,10.711,11713.895,0.2,329.635,10.08,30.2,47.7,3.5,77.4,0.78,553.8,29.73,21.62,57.33,58.7,25.789,24950.3435214726
Africa,Botswana,305984.0,2688.0,127640.119,1121.289,,2397240.0,4.044,25.8,3.941,2.242,15807.374,,237.372,4.81,5.7,34.4,1.8,69.59,0.735,481.5,15.33,3.78,54.57,81.644,56.704,9935.84877816052
South America,Brazil,30460997.0,663838.0,142345.47,3102.142,,213993441.0,25.04,33.5,8.552,5.06,14103.452,3.4,177.961,8.11,10.1,17.9,2.2,75.88,0.765,853.4,59.11,23.11,74.01,193.936,74.743,788834.988497811
Europe,Bulgaria,1157199.0,36920.0,167791.342,5353.32,13.89,6896655.0,65.18,44.7,20.801,13.272,18563.307,1.5,424.688,5.81,30.1,44.4,7.454,75.05,0.816,697.9,40.84,42.07,47.85,62.9,29.571,70986.9818443276
Africa,Burkina Faso,20865.0,383.0,970.596,17.816,,21497097.0,70.151,17.6,2.409,1.358,1703.102,43.7,269.048,2.42,1.6,23.9,0.4,61.58,0.452,42.34,42.39,0.94,9.27,14.012,7.363,56112.7635021611
Africa,Burundi,40397.0,38.0,3296.253,3.101,13.89,12255429.0,423.062,17.5,2.562,1.504,702.225,71.7,293.068,6.05,,,0.8,61.58,0.433,20.57,40.97,0.72,6.49,0.105,0.097,19587.7414861606
Asia,Cambodia,136254.0,3056.0,8040.27,180.333,,16946446.0,90.672,25.6,4.412,2.385,3645.07,,270.892,4.0,2.0,33.7,0.8,69.82,0.594,113.3,69.19,1.93,10.08,222.435,84.401,20014.1747921505
Africa,Cameroon,119780.0,1927.0,4399.752,70.782,27.78,27224262.0,50.885,18.8,3.165,1.919,3364.926,23.8,244.661,7.2,,,1.3,59.29,0.563,54.0,82.44,1.29,3.63,6.89,4.555,49488.3157166233
North America,Canada,3770995.0,39338.0,99059.673,1033.364,42.59,38067913.0,4.037,41.4,16.984,10.797,44017.591,0.5,105.599,7.37,12.0,16.6,2.5,82.43,0.929,5048.0,29.83,24.43,110.7,216.844,82.519,27585.0484863357
Africa,Central African Republic,14649.0,113.0,2977.447,22.968,,4919987.0,7.479,18.3,3.655,2.251,661.24,,435.727,6.1,,,1.0,53.28,0.397,37.2,61.31,0.72,2.56,21.483,20.469,1423.33338347122
Africa,Chad,7412.0,193.0,438.191,11.41,,16914985.0,11.833,16.7,2.486,1.446,1768.153,38.4,280.995,6.1,,,,54.24,0.398,29.85,62.25,0.61,2.03,14.289,12.709,57204.0606287717
South America,Chile,3562521.0,57541.0,185428.58,2994.999,,19212362.0,24.282,35.4,11.087,6.938,22767.037,1.3,127.993,8.46,34.2,41.5,2.11,80.18,0.851,1376.0,49.08,28.35,43.48,275.107,91.314,48273.9560997891
Asia,China,1022910.0,5112.0,708.28,3.54,,1444216102.0,147.674,38.7,10.641,5.929,15308.712,0.7,261.899,9.74,1.9,48.4,4.34,76.91,0.761,535.1,44.02,22.27,30.83,228.655,84.996,584343.729498411
South America,Colombia,6092667.0,139797.0,118844.573,2726.903,,51265841.0,44.223,32.2,7.646,4.312,13254.949,4.5,124.24,7.44,4.7,13.5,1.71,77.29,0.767,495.3,28.12,23.27,14.56,162.025,69.59,178543.705273181
Africa,Comoros,8106.0,160.0,9123.693,180.088,,888456.0,437.352,20.4,2.963,1.726,1413.89,18.1,261.516,11.88,4.4,23.6,2.2,64.32,0.554,72.32,66.36,2.64,14.83,73.864,34.639,1146.80982797796
Africa,Congo,24079.0,385.0,4256.484,68.057,,5657017.0,15.405,19.0,3.402,2.063,4881.406,37.0,344.094,7.2,1.7,52.3,,64.57,0.574,48.56,54.06,1.04,9.69,15.065,11.823,11634.4784453131
Oceania,Cook Islands,5116.0,1.0,291145.003,56.909,,17572.0,,,,,,,,,,,,76.25,,662.2,12.37,14.12,80.0,225.843,83.574,5.51976392344054
North America,Costa Rica,852074.0,8405.0,165803.7,1635.515,,5139053.0,96.079,33.6,9.468,5.694,15524.995,1.3,137.973,8.78,6.4,17.4,1.13,80.28,0.81,921.6,27.46,33.01,38.02,208.42,80.178,6910.90909381246
Europe,Croatia,1123029.0,15843.0,275140.464,3881.512,,4081657.0,73.726,44.0,19.724,13.053,22669.797,0.7,253.782,5.59,34.3,39.9,5.54,78.49,0.851,1040.0,18.45,34.65,81.22,129.0,55.106,22731.774556523
North America,Cuba,1103286.0,8527.0,97484.974,753.435,,11317498.0,110.408,43.1,14.738,9.719,,,190.968,8.27,17.1,53.3,5.2,78.8,0.783,1032.0,10.59,84.2,75.61,315.215,87.805,16300.3830804077
Europe,Cyprus,480220.0,1020.0,535956.831,1138.387,,896005.0,127.657,37.3,13.416,8.563,32415.132,,141.171,9.24,19.6,52.7,3.4,80.98,0.887,1996.0,43.29,31.44,52.51,198.3,74.155,1049.57955971349
Europe,Czechia,3907793.0,40175.0,364378.17,3746.077,20.37,10724553.0,137.176,43.3,19.027,11.58,32605.906,,227.485,6.82,30.5,38.3,6.63,79.38,0.9,1844.0,18.5,41.53,89.34,163.9,64.137,46312.1401921215
Europe,Denmark,3118106.0,6183.0,536374.336,1063.595,,5813302.0,136.52,42.3,19.677,12.325,46682.515,0.2,114.767,6.41,19.3,18.8,2.5,80.9,0.94,6003.0,16.71,42.25,105.4,226.7,82.228,3231.07924512644
Africa,Djibouti,15631.0,189.0,15596.734,188.586,58.33,1002197.0,41.285,25.4,4.213,2.38,2705.406,22.5,258.037,6.05,1.7,24.5,1.4,67.11,0.524,61.81,25.58,2.24,7.29,17.906,11.772,5688.66831339235
North America,Dominica,12161.0,63.0,168500.249,872.915,,72172.0,98.567,,,,9673.367,,227.376,11.62,,,3.8,75.0,0.742,440.2,34.82,11.03,60.98,92.281,41.936,86.0292109774438
North America,Dominican Republic,579443.0,4376.0,52899.227,399.499,,10953714.0,222.873,27.6,6.981,4.419,14600.861,1.6,266.653,8.2,8.5,19.1,1.6,74.08,0.756,491.1,54.27,14.52,14.59,142.824,54.948,7008.20503012448
South America,Ecuador,869696.0,35598.0,48617.674,1989.996,,17888474.0,66.939,28.1,7.104,4.458,10581.936,3.6,140.448,5.55,2.0,12.3,1.5,77.01,0.759,486.5,38.13,22.2,25.06,194.038,78.762,73417.9915776809
Africa,Egypt,515645.0,24613.0,4945.84,236.077,43.52,104258327.0,97.999,25.3,5.159,2.891,10550.206,1.3,525.432,17.31,0.2,50.1,1.6,71.99,0.707,149.8,71.16,7.46,19.26,79.528,33.352,332215.379443366
North America,El Salvador,162089.0,4128.0,24865.997,633.275,,6518500.0,307.811,27.6,8.273,5.417,7292.458,2.2,167.295,8.87,2.5,18.8,1.3,73.32,0.673,300.1,35.88,28.7,18.34,164.203,66.115,24193.6591629656
Africa,Equatorial Guinea,15907.0,183.0,10971.17,126.216,,1449891.0,45.194,22.4,2.846,1.752,22604.873,,202.812,7.78,,,2.1,58.74,0.592,254.9,77.83,4.02,3.1,33.572,15.136,635.235603741673
Europe,Estonia,572193.0,2539.0,431782.509,1915.955,,1325188.0,31.033,42.7,19.452,13.491,29481.252,0.5,255.569,4.02,24.5,39.3,4.69,78.74,0.892,1599.0,25.56,34.72,66.08,155.2,62.905,4454.48774571797
Africa,Eswatini,70678.0,1397.0,60286.48,1191.604,,1172369.0,79.492,21.5,3.163,1.845,7738.975,,333.436,3.94,1.7,16.5,2.1,60.19,0.611,264.1,23.15,1.42,25.14,46.148,28.967,5610.43756261721
Africa,Ethiopia,470587.0,7510.0,3992.213,63.711,,117876226.0,104.957,19.8,3.526,2.063,1729.927,26.7,182.634,7.47,0.4,8.5,0.3,66.6,0.485,26.74,43.19,1.06,7.84,25.55,18.52,190680.52321285
Oceania,Fiji,64646.0,862.0,71598.263,954.703,,902899.0,49.562,28.6,6.224,3.284,8702.975,1.4,412.82,14.49,10.2,34.8,2.3,67.44,0.743,235.7,27.4,8.6,39.6,160.885,70.58,1376.0662306013
Europe,Finland,1023013.0,3939.0,184381.117,709.939,,5548361.0,18.136,42.8,21.228,13.264,40585.721,,153.507,5.76,18.3,22.6,3.28,81.91,0.938,4450.0,19.83,46.4,223.1,212.2,78.252,6817.08121115021
Europe,France,28744830.0,146211.0,426341.995,2168.595,,67422000.0,122.578,42.0,19.718,13.079,38605.671,,86.06,4.77,30.1,35.6,5.98,82.66,0.901,4492.0,24.69,32.74,117.8,230.8,80.208,108514.905848633
Africa,Gabon,47602.0,304.0,20888.799,133.402,,2278829.0,7.859,23.1,4.45,2.976,16562.413,3.4,259.967,7.2,,,6.3,66.47,0.703,215.0,39.12,6.46,21.12,25.01,11.466,4813.39255251447
Africa,Gambia,11995.0,365.0,4823.202,146.767,,2486937.0,207.566,17.5,2.339,1.417,1561.767,10.1,331.43,1.91,0.7,31.2,1.1,62.05,0.496,29.73,27.48,0.82,9.46,15.035,13.165,3162.37164537623
Asia,Georgia,1655221.0,16811.0,415908.395,4224.11,,3979773.0,65.032,38.7,14.864,10.244,9745.079,4.2,496.218,7.11,5.3,55.5,2.6,73.77,0.812,291.1,58.66,51.09,55.47,66.8,29.059,27451.2094770919
Europe,Germany,24927339.0,135701.0,297106.067,1617.405,,83900471.0,237.016,46.6,21.453,15.957,45229.245,,156.139,8.31,28.2,33.1,8.0,81.33,0.947,5440.0,22.27,44.35,141.9,207.5,76.07,120137.78161399
Africa,Ghana,161204.0,1445.0,5080.151,45.537,,31732128.0,126.719,21.1,3.385,1.948,4227.63,12.0,298.245,4.97,0.3,7.7,0.9,64.07,0.611,75.28,48.48,1.7,36.2,41.991,18.689,29390.9733813434
Europe,Greece,3331288.0,29205.0,321219.677,2816.094,,10370747.0,83.479,45.3,20.396,14.524,24574.382,1.5,175.695,4.55,35.3,52.0,4.21,82.24,0.888,1501.0,51.74,63.07,37.34,194.1,71.807,32140.6179421825
North America,Grenada,14743.0,220.0,130451.71,1946.644,,113015.0,317.132,29.4,7.304,5.021,13593.877,,243.964,10.71,,,3.7,72.4,0.779,534.3,58.52,14.36,62.84,78.05,33.936,169.115485987147
North America,Guatemala,846632.0,17613.0,46391.13,965.103,,18249868.0,157.834,22.9,4.694,3.016,7423.808,8.7,155.898,10.18,,,0.6,74.3,0.663,271.0,60.71,12.41,22.36,94.47,34.173,54075.2810567233
Africa,Guinea,36549.0,442.0,2707.888,32.747,,13497237.0,51.755,19.0,3.135,1.733,1998.926,35.3,336.717,2.42,,,0.3,61.6,0.477,43.04,66.68,2.25,5.8,46.538,19.118,12094.1606187032
Africa,Guinea-Bissau,8202.0,171.0,4069.482,84.843,,2015490.0,66.191,19.4,3.002,1.565,1548.675,67.1,382.474,2.42,,,,58.32,0.48,62.58,68.3,1.96,7.91,28.588,17.352,2868.8680746619
South America,Guyana,63484.0,1228.0,80326.041,1553.783,,790329.0,3.952,26.3,5.305,2.837,7435.047,,373.159,11.62,,,1.6,69.91,0.682,325.9,37.86,14.24,35.3,114.483,46.321,2660.54950954664
North America,Haiti,29323.0,876.0,2540.617,75.899,43.52,11541683.0,398.448,24.3,4.8,2.954,1653.173,23.5,430.548,6.65,2.9,23.1,0.7,64.0,0.51,56.99,48.52,2.34,3.98,2.398,1.104,18477.8790695679
North America,Honduras,420621.0,10971.0,41798.793,1090.232,34.26,10062994.0,82.805,24.9,4.652,2.883,4541.795,16.0,240.208,7.21,2.0,,0.7,75.27,0.634,187.6,58.19,5.0,7.29,125.558,49.465,31122.8546772804
Europe,Hungary,1903200.0,46266.0,197547.021,4802.286,11.11,9634162.0,108.043,43.4,18.577,11.976,26777.561,0.5,278.296,7.55,26.8,34.8,7.02,76.88,0.854,1062.0,32.02,60.64,69.2,167.3,62.793,45228.629622676
Europe,Iceland,185579.0,119.0,503207.77,322.675,,368792.0,3.404,37.3,14.431,9.207,46482.958,0.2,117.992,5.31,14.3,15.2,2.91,82.99,0.949,6275.0,17.11,41.42,167.8,218.9,81.358,120.327060191612
Asia,India,43084913.0,523889.0,30920.506,375.976,,1393409033.0,450.419,28.2,5.989,3.414,6426.674,21.2,282.28,10.39,1.9,20.6,0.53,69.66,0.645,63.75,66.38,7.35,17.48,136.355,61.926,5869554.04458182
Asia,Indonesia,6047208.0,156287.0,21881.491,565.516,,276361788.0,145.725,29.3,5.319,3.053,11188.744,5.7,342.864,6.32,2.8,76.1,1.04,71.72,0.718,120.1,50.51,6.23,39.54,145.851,60.041,903739.318393481
Asia,Iraq,2325247.0,25211.0,56466.334,612.224,31.48,41179351.0,88.125,20.0,3.186,1.957,15663.986,2.5,218.612,8.83,,,1.4,70.6,0.674,253.3,50.1,9.66,23.87,44.901,18.339,274452.657645316
Europe,Ireland,1517112.0,7087.0,304463.421,1422.263,11.11,4982904.0,69.874,38.7,13.928,8.678,67335.293,0.2,126.459,3.28,23.0,25.7,2.96,82.3,0.955,5429.0,25.42,34.9,179.8,216.5,80.263,4164.99930427539
Asia,Israel,4077856.0,10698.0,438903.885,1151.437,17.59,9291000.0,402.606,30.6,11.733,7.359,33132.32,0.5,93.32,6.74,15.4,35.4,2.99,82.97,0.919,3456.0,33.14,36.26,119.9,173.3,73.682,10328.9126389141
Europe,Italy,16523859.0,163736.0,273721.24,2712.322,35.19,60367471.0,205.859,47.9,23.021,16.24,35220.084,2.0,113.151,4.78,19.8,27.8,3.18,83.51,0.892,2906.0,26.08,39.48,62.71,226.8,79.502,208890.999241923
North America,Jamaica,130299.0,2967.0,43820.637,997.827,25.0,2973462.0,266.879,31.4,9.684,6.39,8193.571,,206.537,11.28,5.3,28.6,1.7,74.47,0.734,327.4,33.16,5.27,9.43,47.793,23.152,6949.49724289355
Asia,Japan,7917391.0,29631.0,62811.115,235.072,,126050796.0,347.778,48.2,27.049,18.493,39002.223,,79.37,5.72,11.2,33.7,13.05,84.63,0.919,4360.0,16.14,24.8,119.5,205.362,79.726,41766.8242317131
Asia,Jordan,1695745.0,14064.0,165132.084,1369.556,,10269022.0,109.285,23.2,3.81,2.361,8337.49,0.1,208.257,11.75,,,1.4,74.53,0.729,334.0,45.69,26.61,33.47,96.995,43.954,27288.8159112641
Asia,Kazakhstan,1394530.0,19013.0,73415.798,1000.95,,18994958.0,6.681,30.6,6.991,4.625,24055.588,0.1,466.792,7.11,7.0,43.1,6.7,73.6,0.825,273.0,40.06,40.71,72.94,128.1,53.594,86355.3347865875
Africa,Kenya,323792.0,5649.0,5888.658,102.736,,54985702.0,87.324,20.0,2.686,1.528,2993.028,36.8,218.637,2.92,1.2,20.4,1.4,66.7,0.601,83.41,35.51,1.57,11.66,33.235,16.885,107235.268932431
Oceania,Kiribati,3084.0,13.0,25406.136,107.095,,121388.0,143.701,23.2,3.895,2.21,1981.132,,434.657,22.66,35.9,58.9,1.9,68.37,0.63,172.3,2.91,2.04,38.26,120.734,48.716,-6.15000725165727
Asia,Kuwait,631409.0,2555.0,145870.687,590.267,,4328553.0,232.128,33.7,2.345,1.114,65530.537,,132.235,15.84,2.7,37.0,2.0,75.49,0.806,1759.0,13.04,23.42,46.83,186.606,77.143,8435.17191308746
Asia,Kyrgyzstan,200993.0,2991.0,30323.247,451.244,,6628347.0,32.333,26.3,4.489,2.882,3393.474,1.4,436.362,7.11,3.6,50.5,4.5,71.45,0.697,62.14,46.26,22.13,56.03,42.1,18.772,14311.5006192974
Europe,Latvia,822726.0,5770.0,440682.959,3090.629,,1866934.0,31.212,43.9,19.754,14.136,25063.846,0.7,350.06,4.91,25.6,51.0,5.57,75.29,0.866,1167.0,39.17,34.05,44.34,147.4,66.375,9195.34825471555
Asia,Lebanon,1097044.0,10387.0,162065.228,1534.461,,6769151.0,594.561,31.1,8.514,5.43,13367.565,,266.591,12.71,26.9,40.7,2.9,78.93,0.744,663.1,50.13,22.07,16.74,82.081,34.449,16630.0709517317
Africa,Lesotho,33134.0,697.0,15346.444,322.825,32.41,2159067.0,73.562,22.2,4.506,2.647,2851.153,59.6,405.126,3.94,0.4,53.9,,54.33,0.527,124.2,14.18,4.73,32.57,43.591,34.338,3323.15868981553
Africa,Liberia,7434.0,294.0,1435.078,56.754,,5180208.0,49.127,19.2,3.057,1.756,752.788,38.6,272.509,2.42,1.5,18.1,0.8,64.1,0.48,52.56,59.22,0.51,19.54,36.327,28.435,6557.24029435304
Africa,Libya,501916.0,6430.0,72129.519,924.045,,6958538.0,3.623,29.0,4.424,2.816,17881.509,,341.862,10.43,,,3.7,72.91,0.724,309.9,36.67,20.91,65.31,50.26,16.606,29616.4032414639
Europe,Lithuania,1058537.0,9105.0,393528.367,3384.932,,2689862.0,45.135,43.5,19.002,13.778,29524.265,0.7,342.989,3.67,21.3,38.0,6.56,75.93,0.882,1370.0,34.55,50.76,100.8,159.7,67.933,19865.3339262578
Europe,Luxembourg,238917.0,1068.0,376357.484,1682.383,,634814.0,231.447,39.7,14.312,9.842,94277.965,0.2,128.275,4.42,20.9,26.0,4.51,82.25,0.916,6221.0,12.8,30.07,121.7,200.1,73.717,371.142964223644
Africa,Madagascar,64181.0,1391.0,2257.721,48.932,,28427333.0,43.951,19.6,2.929,1.686,1416.44,77.6,405.994,3.94,,,0.2,67.04,0.528,19.85,39.59,1.99,2.98,8.178,3.798,39026.5759298121
Africa,Malawi,85790.0,2634.0,4366.419,134.062,,19647681.0,197.519,18.1,2.979,1.783,1095.042,71.4,227.349,3.94,4.4,24.7,1.3,64.26,0.483,30.4,23.84,0.5,7.09,10.74,4.75,27711.2761292921
Asia,Malaysia,4450859.0,35555.0,135795.476,1084.781,,32776195.0,96.254,29.9,6.293,3.407,26808.164,0.1,260.942,16.74,1.0,42.4,1.9,76.16,0.81,436.6,47.8,22.86,34.84,214.703,80.759,19772.7041139849
Asia,Maldives,179171.0,298.0,329588.683,548.177,,543620.0,1454.433,30.6,4.12,2.875,15183.616,,164.905,9.19,2.1,55.0,,78.92,0.74,854.4,19.05,20.53,46.61,174.097,71.026,905.099955128885
Africa,Mali,30850.0,732.0,1479.21,35.098,,20855724.0,15.196,16.4,2.519,1.486,2014.306,,268.024,2.42,1.6,23.0,0.1,59.31,0.434,34.28,32.9,1.29,4.41,9.846,5.252,38206.0193665395
Europe,Malta,91975.0,700.0,178211.587,1356.326,,516100.0,1454.037,42.4,19.426,11.324,36513.323,0.2,168.711,8.83,20.9,30.2,4.485,82.53,0.895,2532.0,36.88,28.6,94.83,234.5,86.182,605.511680258255
Africa,Mauritania,58694.0,982.0,12291.654,205.65,,4775110.0,4.289,20.3,3.138,1.792,3597.633,6.0,232.347,2.42,,,,64.92,0.546,57.88,50.65,1.87,9.25,57.011,22.973,9907.97995166915
Africa,Mauritius,221749.0,992.0,174135.483,779.0,,1273428.0,622.962,37.4,10.945,5.884,20292.745,0.5,224.644,22.02,3.2,40.7,3.4,74.99,0.804,686.0,52.67,27.13,39.35,212.155,75.757,1810.02531365434
North America,Mexico,5740080.0,324350.0,44065.578,2489.978,,130262220.0,66.444,29.3,6.857,4.321,17336.469,2.5,152.783,13.06,6.9,21.4,1.38,75.05,0.779,540.4,50.69,24.25,28.24,153.965,62.007,725222.503595004
Europe,Monaco,11801.0,57.0,298608.3,1442.308,,39520.0,19347.5,,,,,,,5.46,,,13.8,86.75,,2906.0,15.04,75.07,201.6,166.0,65.404,186.827508088732
Asia,Mongolia,920781.0,2179.0,276570.444,654.495,,3329282.0,1.98,28.6,4.031,2.421,11840.846,0.5,460.043,4.82,5.5,46.5,7.0,69.87,0.737,163.4,38.25,38.52,42.14,170.997,66.354,1089.79257282459
Europe,Montenegro,235338.0,2715.0,374711.608,4322.897,,628051.0,46.28,39.1,14.762,9.395,16409.288,1.0,387.305,10.08,44.0,47.9,3.861,76.88,0.829,735.2,39.16,27.4,53.72,84.2,40.59,4265.50850079333
Africa,Morocco,1164984.0,16069.0,31195.358,430.288,,37344787.0,80.08,29.6,6.769,4.209,7485.013,1.0,419.146,7.14,0.8,47.1,1.1,76.68,0.686,174.2,59.41,7.31,13.89,147.458,63.343,75245.0186678778
Africa,Mozambique,225387.0,2201.0,7007.639,68.433,,32163045.0,37.728,17.7,3.158,1.87,1136.103,62.9,329.942,3.3,5.1,29.1,0.7,60.85,0.456,39.46,16.0,0.85,4.85,101.154,44.444,61926.9542069422
Asia,Myanmar,612914.0,19434.0,11183.335,354.596,,54806014.0,81.721,29.1,5.732,3.12,5591.597,6.4,202.104,4.61,6.3,35.2,0.9,67.13,0.583,60.02,75.96,7.37,10.82,98.788,42.022,163869.011306327
Africa,Namibia,158811.0,4025.0,61379.932,1555.649,,2587344.0,3.078,22.0,3.552,2.085,9541.808,13.4,243.811,3.94,9.7,34.2,,63.71,0.646,427.3,48.45,5.9,19.54,32.853,15.57,10620.5855766147
Asia,Nepal,978836.0,11951.0,32985.295,402.731,,29674920.0,204.43,25.0,5.809,3.212,2442.804,15.0,260.797,7.26,9.5,37.8,0.3,70.78,0.602,53.25,63.28,8.52,33.42,152.996,66.907,116517.679993832
Europe,Netherlands,8145444.0,22363.0,474314.297,1302.211,,17173094.0,508.544,43.2,18.779,11.881,48472.545,,109.361,5.29,24.4,27.3,3.32,82.28,0.944,5335.0,34.07,40.79,116.4,205.8,71.244,34426.7372414165
Oceania,New Zealand,952697.0,731.0,185844.956,142.598,,5126300.0,18.206,37.9,15.322,9.72,36085.843,,128.797,8.08,14.8,17.2,2.61,82.29,0.931,4211.0,24.44,36.18,117.8,227.955,84.069,-1499.66795058927
North America,Nicaragua,18491.0,234.0,2758.871,34.913,,6702379.0,51.667,27.3,5.445,3.519,5321.444,3.2,137.016,11.47,,,0.9,74.48,0.66,160.8,36.35,16.65,15.52,156.651,70.509,18908.9773570204
Africa,Niger,8943.0,309.0,355.858,12.296,,25130810.0,16.955,15.1,2.553,1.378,926.0,44.5,238.339,2.42,0.1,15.4,0.3,62.42,0.394,31.4,49.06,0.35,2.23,11.123,6.4,71859.8978950519
Africa,Nigeria,255753.0,3143.0,1209.802,14.868,,211400704.0,209.588,18.1,2.751,1.447,5338.454,,181.013,2.42,0.6,10.8,,54.69,0.539,71.47,71.3,3.81,15.01,18.628,7.231,253912.919305836
Europe,Norway,1426491.0,2932.0,260993.017,536.443,,5465629.0,14.462,39.7,16.821,10.813,64800.057,0.2,114.316,5.31,19.6,20.7,3.6,82.4,0.957,8007.0,14.18,50.47,184.2,210.2,75.188,2856.65345606182
Asia,Oman,389126.0,4258.0,74497.03,815.182,52.78,5223376.0,14.98,30.7,2.355,1.53,37960.709,,266.342,12.61,0.5,15.6,1.6,77.86,0.813,624.7,13.56,17.74,39.38,137.666,59.293,4631.99020068756
Asia,Pakistan,1527956.0,30369.0,6784.887,134.854,70.37,225199929.0,255.573,23.5,4.495,2.78,5034.708,4.0,423.031,8.35,2.8,36.7,0.6,67.27,0.557,39.5,60.92,11.18,4.83,114.397,54.403,876802.669309331
Oceania,Palau,4610.0,6.0,253659.073,330.142,,18174.0,47.237,,,,13240.405,,,15.89,7.7,22.7,4.8,73.7,0.826,2356.0,28.66,17.68,64.64,259.634,99.082,9.43401318495833
North America,Panama,777658.0,8185.0,177483.343,1868.046,,4381583.0,55.133,29.7,7.918,5.03,22267.037,2.2,128.346,8.33,2.4,9.9,2.3,78.51,0.815,1193.0,33.79,16.32,32.06,186.744,71.251,8734.2818234923
Oceania,Papua New Guinea,43821.0,650.0,4805.458,71.28,,9119005.0,18.22,22.6,3.808,2.142,3823.194,,561.494,17.65,23.5,48.8,,64.5,0.555,65.08,9.92,0.66,4.53,4.931,2.951,-888.341991987927
South America,Paraguay,649455.0,18870.0,89956.689,2613.703,26.85,7219641.0,17.144,26.5,6.378,3.833,8827.01,1.7,199.128,8.27,5.0,21.6,1.3,74.25,0.728,388.4,53.99,10.52,16.6,120.694,47.284,24320.2810499683
South America,Peru,3566523.0,212865.0,106912.037,6380.957,,33359415.0,25.129,29.1,7.151,4.455,12236.706,3.5,85.755,5.95,4.8,,1.6,76.74,0.777,370.1,36.91,13.69,29.77,218.247,81.448,219898.643930976
Asia,Philippines,3686082.0,60410.0,33193.918,544.004,,111046910.0,351.873,25.2,4.803,2.661,7599.188,,370.437,7.07,7.8,40.8,1.0,71.23,0.718,142.1,58.99,7.73,54.44,133.099,62.11,330815.191377092
Europe,Poland,5996935.0,116059.0,158661.666,3070.588,,37797000.0,124.027,41.8,16.763,10.202,27216.445,,227.331,5.91,23.3,33.1,6.62,78.73,0.88,1014.0,28.56,37.71,68.66,142.9,59.085,185586.955495557
Europe,Portugal,3853800.0,22280.0,379015.459,2191.205,11.11,10167923.0,112.371,46.2,21.502,14.924,27936.896,0.5,127.842,9.85,16.3,30.0,3.39,82.05,0.864,2221.0,39.02,54.84,74.1,230.7,85.669,25091.2379094619
Asia,Qatar,364728.0,677.0,124458.288,231.017,,2930524.0,227.322,31.9,1.307,0.617,116935.6,,176.69,16.52,0.8,26.9,1.2,80.23,0.848,1807.0,27.24,24.85,71.97,234.136,90.63,748.886663789539
Europe,Romania,2894896.0,65496.0,151345.175,3424.131,,19127772.0,85.129,43.0,17.85,11.69,23313.199,5.7,370.946,9.74,22.9,37.1,6.892,76.05,0.828,738.6,19.86,29.81,73.89,82.7,41.958,130450.230252869
Africa,Rwanda,129834.0,1459.0,9779.221,109.893,35.19,13276517.0,494.869,20.3,2.974,1.642,1854.211,56.0,191.375,4.28,4.7,21.0,,69.02,0.543,51.4,26.26,1.18,9.48,155.507,64.704,27993.5606777635
North America,Saint Kitts and Nevis,5566.0,43.0,103948.007,803.048,,53546.0,212.865,,,,24654.385,,,12.84,,,2.3,76.23,0.779,1088.0,50.74,27.67,42.19,109.735,50.102,73.1881402463543
North America,Saint Lucia,23459.0,368.0,127217.314,1995.651,,184401.0,293.187,34.9,9.721,6.405,12951.839,,204.62,11.62,,,1.3,76.2,0.759,502.2,51.56,6.41,31.55,65.135,29.147,724.503707899889
North America,Saint Vincent and the Grenadines,8419.0,106.0,75663.482,952.646,,111269.0,281.787,31.8,7.724,4.832,10727.146,,252.675,11.62,,,2.6,72.53,0.738,354.8,32.14,9.41,70.15,63.356,27.431,162.967746043476
Oceania,Samoa,9592.0,19.0,47925.494,94.932,,200144.0,69.413,22.0,5.606,3.564,6021.557,,348.977,9.21,16.7,38.1,,73.32,0.715,271.9,10.82,6.0,32.66,153.665,66.039,34.8539282020288
Europe,San Marino,16476.0,115.0,484445.751,3381.358,,34010.0,556.667,,,,56861.47,,,5.64,,,3.8,84.97,,3051.0,17.78,61.09,82.07,203.8,68.569,142.789900332717
Africa,Sao Tome and Principe,5964.0,73.0,26700.811,326.821,,223364.0,212.841,18.7,2.886,2.162,3052.714,32.3,270.113,2.42,,,2.9,70.39,0.625,108.5,19.22,4.88,21.49,95.208,39.658,232.9133748746
Asia,Saudi Arabia,754238.0,9093.0,21341.921,257.296,,35340680.0,15.322,31.9,3.295,1.845,49045.411,,259.538,17.72,1.8,25.4,2.7,75.13,0.854,1316.0,30.83,27.38,58.17,184.444,71.122,87233.4806621587
Africa,Senegal,85838.0,1988.0,4991.653,115.606,21.3,17196308.0,82.328,18.7,3.008,1.796,2470.58,38.0,241.219,2.42,0.4,16.6,,67.94,0.512,59.1,57.03,0.88,5.4,14.749,6.245,14153.5184868281
Europe,Serbia,2007091.0,16002.0,292087.211,2328.733,,6871547.0,80.291,41.2,17.366,,14048.881,,439.415,10.08,37.7,40.2,5.609,76.0,0.806,641.0,40.01,31.13,60.86,96.7,47.781,61513.6177104587
Africa,Seychelles,42548.0,166.0,430168.84,1678.293,,98910.0,208.354,36.2,8.606,5.586,26382.287,1.1,242.648,10.55,7.1,35.7,3.6,73.4,0.796,839.8,27.27,22.52,229.5,204.501,81.809,-46.3932005522456
Africa,Sierra Leone,7681.0,125.0,943.456,15.354,,8141343.0,104.7,19.1,2.538,1.285,1390.3,52.2,325.721,2.42,8.8,41.3,,54.7,0.452,46.16,56.01,0.74,7.53,35.966,16.495,3662.28791449824
Asia,Singapore,1200976.0,1338.0,220217.104,245.343,,5453600.0,7915.731,42.4,12.922,7.049,85535.383,,92.243,10.99,5.2,28.3,2.4,83.62,0.938,2633.0,49.8,24.6,62.43,238.692,85.128,1184.00016655398
Europe,Slovakia,2528216.0,19879.0,463954.988,3648.012,,5449270.0,113.128,41.2,15.07,9.167,30155.152,0.7,287.959,7.29,23.1,37.7,5.82,77.54,0.86,1342.0,21.18,35.65,60.55,129.4,50.744,28388.5973574997
Europe,Slovenia,1010785.0,6595.0,486252.858,3172.621,,2078723.0,102.619,44.5,19.062,12.93,31400.84,,153.493,7.25,20.1,25.0,4.5,81.32,0.917,2219.0,27.63,32.77,104.6,141.0,57.636,6033.26324099713
Oceania,Solomon Islands,15677.0,141.0,22268.624,200.286,,703995.0,21.841,20.8,3.507,2.043,2205.923,25.1,459.78,18.68,,,1.4,73.0,0.567,111.9,3.44,1.94,21.64,57.275,20.458,668.358846206361
Africa,South Africa,3798413.0,100370.0,63262.604,1671.663,37.96,60041996.0,46.754,27.3,5.344,3.053,12294.876,18.9,200.38,5.52,8.1,33.2,2.32,64.13,0.709,546.7,40.14,7.92,49.74,58.813,32.633,258140.065681652
Africa,South Sudan,17483.0,138.0,1536.106,12.125,,11381377.0,,19.2,3.441,2.032,1569.888,,280.775,10.43,,,,57.85,0.433,22.64,28.73,0.37,3.4,6.182,5.358,38242.1913321175
Europe,Spain,11893480.0,104462.0,254432.053,2234.71,,46745211.0,93.105,45.5,19.436,13.799,34272.36,1.0,99.403,7.17,27.4,31.4,2.97,83.56,0.904,2711.0,29.38,44.41,61.44,213.6,78.684,121446.13330241
Asia,Sri Lanka,663408.0,16505.0,30860.053,767.771,,21497306.0,341.955,34.1,10.069,5.331,11669.077,0.7,197.093,10.68,0.3,27.0,3.6,76.98,0.782,160.7,51.42,12.29,24.95,184.196,67.478,36043.9018787322
Africa,Sudan,62117.0,4931.0,1383.164,109.799,,44909351.0,23.258,19.7,3.548,2.034,4466.507,,431.388,15.67,,,0.8,65.31,0.51,46.93,70.75,2.62,11.46,16.134,8.234,324168.304394031
South America,Suriname,79336.0,1328.0,134059.257,2244.009,26.85,591798.0,3.612,29.6,6.933,4.229,13767.119,,258.314,12.54,7.4,42.9,3.1,71.68,0.738,619.3,27.39,8.19,39.27,94.381,40.502,2268.28660138493
Europe,Sweden,2500917.0,18772.0,246149.396,1847.609,11.11,10160159.0,24.718,41.0,19.985,13.433,46949.283,0.5,133.982,4.79,18.8,18.9,2.22,82.8,0.945,5671.0,15.12,70.92,118.5,202.4,71.426,12961.6774335891
Europe,Switzerland,3619598.0,13714.0,415306.12,1573.52,,8715494.0,214.243,43.1,18.436,12.644,57410.166,,99.739,5.59,22.6,28.9,4.53,83.78,0.955,9666.0,67.89,43.8,182.6,186.9,69.646,14330.0398557264
Asia,Tajikistan,17786.0,125.0,1824.275,12.821,,9749625.0,64.281,23.3,3.466,2.155,2896.913,4.8,427.698,7.11,,,4.8,71.1,0.668,61.87,71.36,17.23,47.53,120.9,51.231,16987.4255612872
Asia,Thailand,4281536.0,28778.0,61207.782,411.403,,69950844.0,135.132,40.1,11.373,6.89,16277.671,0.1,109.861,7.04,1.9,38.8,2.1,77.15,0.777,296.2,28.23,9.5,31.52,189.582,72.934,110294.26570182
Africa,Togo,36991.0,273.0,4363.051,32.2,,8478242.0,143.366,19.4,2.839,1.525,1429.813,49.2,280.033,6.15,0.9,14.2,0.7,61.04,0.515,51.16,75.81,0.83,5.07,39.75,18.814,12073.1853562157
Oceania,Tonga,10452.0,11.0,97902.753,103.036,81.02,106759.0,150.028,22.3,5.82,4.032,5425.621,,227.49,15.42,11.8,44.4,2.6,70.91,0.725,242.4,13.69,9.46,45.41,148.998,65.369,41.067293196425
North America,Trinidad and Tobago,148630.0,3833.0,105909.045,2731.275,,1403374.0,266.886,36.2,10.014,5.819,28763.071,,228.467,10.97,,,3.0,73.51,0.796,1168.0,53.96,44.76,40.7,110.909,50.816,4921.04843877489
Africa,Tunisia,1040193.0,28550.0,87149.26,2391.971,,11935764.0,74.228,32.7,8.001,5.075,10849.297,2.0,318.991,8.52,1.1,65.8,2.3,76.7,0.74,233.1,42.5,13.03,25.14,111.071,53.872,35021.447521206
Asia,Turkey,15034917.0,98791.0,176792.489,1161.663,30.56,85042736.0,104.914,31.6,8.153,5.061,25129.341,0.2,171.285,12.13,14.1,41.1,2.81,77.69,0.82,396.5,22.08,19.28,30.45,174.7,63.754,396655.220971288
Africa,Uganda,164104.0,3597.0,3482.421,76.331,,47123533.0,213.759,16.4,2.168,1.308,1697.707,41.6,213.333,2.5,3.4,16.7,0.5,63.37,0.544,32.41,42.86,1.54,16.37,44.214,22.41,70618.3394293513
Europe,Ukraine,5040518.0,112459.0,115962.423,2587.238,,43466822.0,77.39,41.4,16.462,11.133,7894.393,0.1,539.849,7.11,13.5,47.4,8.8,72.06,0.779,248.1,54.53,29.92,66.61,72.4,34.65,227039.815816547
Asia,United Arab Emirates,899033.0,2302.0,89983.538,230.405,,9991083.0,112.442,34.0,1.144,0.526,67293.483,,317.84,17.26,1.2,37.4,1.2,77.97,0.89,1843.0,47.7,26.01,57.46,249.72,98.614,10066.3944736732
Europe,United Kingdom,22112723.0,175081.0,324199.658,2566.902,,68207114.0,272.898,40.8,18.517,12.527,39753.244,0.2,122.137,4.28,20.0,24.7,2.54,81.32,0.932,4313.0,20.52,30.04,88.53,208.8,72.915,148738.310816853
South America,Uruguay,897867.0,7203.0,257626.353,2066.768,,3485152.0,19.751,35.6,14.655,10.361,20551.409,0.1,160.708,6.93,14.0,19.9,2.8,77.91,0.817,1661.0,33.4,49.4,72.17,235.069,82.391,4030.37336552624
Asia,Uzbekistan,238627.0,1637.0,7031.726,48.238,,33935765.0,76.134,28.2,4.469,2.873,6253.104,,724.417,7.57,1.3,24.7,4.0,71.72,0.72,98.57,58.36,23.74,112.8,141.7,43.146,38307.5488147107
Oceania,Vanuatu,7514.0,13.0,23894.627,41.34,58.8,314464.0,22.662,23.1,4.394,2.62,2921.909,13.2,546.3,12.02,2.8,34.5,,70.47,0.609,104.3,11.68,1.65,14.21,78.848,38.47,102.760039601514
Asia,Yemen,11819.0,2149.0,387.627,70.481,,30490639.0,53.508,20.3,2.922,1.583,1479.147,18.8,495.003,5.35,7.6,29.2,0.7,66.12,0.47,73.18,82.03,5.25,7.85,2.755,1.404,68317.3152148299
Africa,Zambia,319755.0,3976.0,16899.783,210.141,,18920657.0,22.995,17.7,2.48,1.542,3689.251,57.5,234.499,3.94,3.1,24.7,2.0,63.89,0.584,69.32,16.21,1.17,10.23,20.4,12.693,39016.8987151277
Africa,Zimbabwe,247935.0,5470.0,16428.054,362.44,,15092171.0,42.729,19.6,2.822,1.882,1899.775,21.4,307.846,1.82,1.6,30.7,1.7,61.49,0.571,103.0,52.81,1.99,21.39,67.171,24.329,47329.5388023427
